 The Nature and Consequences of Road Traffic Crashes Brong Ahafo Region,,,,,,
,,,,,,
Crash Type,Year,Crasshes,Fatal,Casualties,Killed,Injured
Head On,2011,74,30,282,68,214
Rear End ,2011,78,15,176,38,138
Right Angle,2011,43,10,72,10,62
Side Swipe,2011,108,18,149,24,125
Ran Off Road,2011,164,40,500,51,449
Hit Obj. On Road,2011,4,0,1,0,1
Hit Obj. Off Road,2011,18,2,19,2,17
Hit Parked Veh.,2011,18,4,27,4,23
Hit Pedestrian,2011,183,82,243,82,161
Hit Animal,2011,8,0,5,0,5
Other,2011,28,18,40,18,22
Head On,2010,57,21,265,42,223
Rear End ,2010,68,13,121,15,106
Right Angle,2010,38,3,58,4,54
Side Swipe,2010,61,9,116,9,107
Ran Off Road,2010,131,25,465,26,439
Hit Obj. On Road,2010,1,1,4,2,2
Hit Obj. Off Road,2010,23,4,40,4,36
Hit Parked Veh.,2010,19,5,43,6,37
Hit Pedestrian,2010,124,57,169,57,112
Hit Animal,2010,7,0,2,0,2
Other,2010,14,4,20,4,16
Head On,2005,39,10,136,26,110
Rear End ,2005,69,6,77,7,70
Right Angle,2005,55,5,91,13,78
Side Swipe,2005,113,7,159,17,142
Ran Off Road,2005,109,12,396,18,378
Hit Obj. On Road,2005,6,0,8,0,8
Hit Obj. Off Road,2005,22,2,30,2,28
Hit Parked Veh.,2005,8,2,42,14,28
Hit Pedestrian,2005,171,66,233,69,164
Other,2005,60,21,168,26,142
Head On,2001,32,9,132,36,96
Rear End ,2001,53,9,85,13,72
Right Angle,2001,29,2,29,6,23
Side Swipe,2001,49,1,63,1,62
Ran Off Road,2001,37,7,95,8,87
Hit Obj. On Road,2001,12,0,9,0,9
Hit Obj. Off Road,2001,19,2,32,4,28
Hit Parked Veh.,2001,9,2,31,3,28
Hit Pedestrian,2001,136,33,163,35,128
Other,2001,117,22,311,46,265
