 The Nature and Consequences of Road Traffic Crashes Central Region,,,,,,
,,,,,,
Crash Type,Year,Crashes,Fatal,Casualties,Killed,Injured
Head On,2011,132,27,376,57,319
Rear End ,2011,176,6,168,7,161
Right Angle,2011,82,5,70,5,65
Side Swipe,2011,104,7,128,8,120
Ran Off Road,2011,154,15,316,16,300
Hit Obj. On Road,2011,2,0,5,0,5
Hit Obj. Off Road,2011,30,2,53,2,51
Hit Parked Veh.,2011,44,3,35,4,31
Hit Pedestrian,2011,298,93,358,96,262
Hit Animal,2011,8,1,5,4,1
Other,2011,16,4,36,4,32
Head On,2010,109,18,306,28,278
Rear End ,2010,143,8,174,7,167
Right Angle,2010,58,3,69,2,67
Side Swipe,2010,96,5,91,4,87
Ran Off Road,2010,150,13,423,13,410
Hit Obj. On Road,2010,4,1,9,0,9
Hit Obj. Off Road,2010,40,6,55,5,50
Hit Parked Veh.,2010,41,5,46,7,39
Hit Pedestrian,2010,329,104,411,99,312
Hit Animal,2010,4,0,3,0,3
Other,2010,8,4,8,2,6
Head On,2005,78,16,242,33,209
Rear End ,2005,103,6,128,10,118
Right Angle,2005,33,5,78,6,72
Side Swipe,2005,118,6,168,11,157
Ran Off Road,2005,127,19,369,24,345
Hit Obj. On Road,2005,10,0,25,0,25
Hit Obj. Off Road,2005,21,3,26,3,23
Hit Parked Veh.,2005,29,0,46,0,46
Hit Pedestrian,2005,311,88,392,85,307
Other,2005,89,13,129,11,118
Head On,2001,79,19,251,34,217
Rear End ,2001,94,0,59,0,59
Right Angle,2001,61,2,84,2,82
Side Swipe,2001,95,3,103,4,99
Ran Off Road,2001,42,13,194,15,179
Hit Obj. On Road,2001,5,0,6,0,6
Hit Obj. Off Road,2001,31,2,50,3,47
Hit Parked Veh.,2001,32,1,31,3,28
Hit Pedestrian,2001,304,98,411,117,294
Other,2001,211,17,487,24,463
