 The Nature and Consequences of Road Traffic Crashes Ashanti Region,,,,,,
,,,,,,
Crash Type,Year,Crashes,Fatal,Casualties,Killed,Injured
Head On,2011,209,45,603,103,500
Rear End ,2011,371,19,486,24,462
Right Angle,2011,109,10,179,12,167
Side Swipe,2011,290,16,325,22,303
Ran Off Road,2011,265,36,900,55,845
Hit Obj. On Road,2011,18,5,66,10,56
Hit Obj. Off Road,2011,68,4,98,8,90
Hit Parked Veh.,2011,46,4,61,7,54
Hit Pedestrian,2011,670,208,840,213,627
Hit Animal,2011,3,0,0,0,0
Other,2011,45,20,56,20,36
Head On,2010,186,46,664,90,574
Rear End ,2010,321,25,443,38,405
Right Angle,2010,127,11,199,14,185
Side Swipe,2010,252,14,352,23,329
Ran Off Road,2010,256,50,1034,66,968
Hit Obj. On Road,2010,9,1,37,1,36
Hit Obj. Off Road,2010,60,5,71,7,64
Hit Parked Veh.,2010,43,8,93,8,85
Hit Pedestrian,2010,638,186,783,189,594
Hit Animal,2010,8,2,16,5,11
Other,2010,44,14,60,13,47
Head On,2005,102,25,456,63,393
Rear End ,2005,196,10,202,14,188
Right Angle,2005,149,10,207,15,192
Side Swipe,2005,217,9,293,8,285
Ran Off Road,2005,186,18,636,28,608
Hit Obj. On Road,2005,16,1,17,1,16
Hit Obj. Off Road,2005,73,7,117,14,103
Hit Parked Veh.,2005,45,4,31,4,27
Hit Pedestrian,2005,548,146,678,146,532
Other,2005,149,21,281,24,257
Head On,2001,109,28,361,79,282
Rear End ,2001,227,8,200,16,184
Right Angle,2001,137,5,81,5,76
Side Swipe,2001,193,5,141,8,133
Ran Off Road,2001,30,8,136,24,112
Hit Obj. On Road,2001,20,0,31,0,31
Hit Obj. Off Road,2001,45,6,39,8,31
Hit Parked Veh.,2001,32,5,61,24,37
Hit Pedestrian,2001,574,151,659,157,502
Other,2001,313,47,680,58,622
