 The Nature and Consequences of Road Traffic Crashes Northern Region,,,,,,
,,,,,,
Crash Type,Year,Crashes,Fatal,Casualties,Killed,Injured
Head On,2011,20,6,159,37,122
Rear End ,2011,37,5,52,5,47
Right Angle,2011,21,6,23,7,16
Side Swipe,2011,39,12,66,17,49
Ran Off Road,2011,94,18,290,33,257
Hit Obj. On Road,2011,0,0,0,0,0
Hit Obj. Off Road,2011,8,4,11,6,5
Hit Parked Veh.,2011,2,0,11,0,11
Hit Pedestrian,2011,33,13,64,17,47
Hit Animal,2011,4,0,12,0,12
Other,2011,2,1,1,1,0
Head On,2010,21,11,75,20,55
Rear End ,2010,27,4,27,4,23
Right Angle,2010,21,4,28,4,24
Side Swipe,2010,30,5,38,9,29
Ran Off Road,2010,97,27,524,38,486
Hit Obj. On Road,2010,2,1,1,1,0
Hit Obj. Off Road,2010,7,2,12,4,8
Hit Parked Veh.,2010,8,5,39,8,31
Hit Pedestrian,2010,31,20,51,21,30
Hit Animal,2010,6,0,11,0,11
Other,2010,7,5,6,5,1
Head On,2005,9,4,23,5,18
Rear End ,2005,31,7,25,8,17
Right Angle,2005,29,12,40,15,25
Side Swipe,2005,23,4,47,5,42
Ran Off Road,2005,59,15,215,34,181
Hit Obj. On Road,2005,4,1,3,1,2
Hit Obj. Off Road,2005,11,3,13,3,10
Hit Parked Veh.,2005,2,0,2,0,2
Hit Pedestrian,2005,30,15,34,15,19
Other,2005,26,10,46,11,35
Head On,2001,11,3,20,3,17
Rear End ,2001,36,3,46,5,41
Right Angle,2001,32,4,26,4,22
Side Swipe,2001,19,2,21,3,18
Ran Off Road,2001,31,8,87,11,76
Hit Obj. On Road,2001,3,0,1,0,1
Hit Obj. Off Road,2001,5,0,4,0,4
Hit Parked Veh.,2001,3,0,2,0,2
Hit Pedestrian,2001,30,19,40,21,19
Other,2001,55,15,192,19,173
