 The Nature and Consequences of Road Traffic Crashes Western Region,,,,,,
,,,,,,
Crash Type,Year,Crashes,Fatal,Casualties,Killed,Injured
Head On,2011,87,27,233,44,189
Rear End ,2011,85,13,103,13,90
Right Angle,2011,27,2,39,2,37
Side Swipe,2011,73,8,87,8,79
Ran Off Road,2011,122,25,346,39,307
Hit Obj. On Road,2011,4,0,0,0,0
Hit Obj. Off Road,2011,8,2,24,5,19
Hit Parked Veh.,2011,25,4,36,10,26
Hit Pedestrian,2011,196,74,269,76,193
Hit Animal,2011,1,0,0,0,0
Other,2011,13,6,15,6,9
Head On,2010,87,23,267,29,238
Rear End ,2010,89,5,98,6,92
Right Angle,2010,48,9,75,9,66
Side Swipe,2010,80,11,89,11,78
Ran Off Road,2010,105,15,328,19,309
Hit Obj. On Road,2010,4,2,3,2,1
Hit Obj. Off Road,2010,33,1,42,1,41
Hit Parked Veh.,2010,27,4,32,6,26
Hit Pedestrian,2010,205,60,266,65,201
Hit Animal,2010,3,0,2,0,2
Other,2010,18,9,13,9,4
Head On,2005,48,15,164,33,131
Rear End ,2005,79,4,60,4,56
Right Angle,2005,31,3,43,3,40
Side Swipe,2005,100,5,105,8,97
Ran Off Road,2005,38,3,83,3,80
Hit Obj. On Road,2005,7,3,18,4,14
Hit Obj. Off Road,2005,8,0,7,0,7
Hit Parked Veh.,2005,13,2,12,2,10
Hit Pedestrian,2005,159,58,177,59,118
Other,2005,114,24,379,40,339
Head On,2001,48,8,126,16,110
Rear End ,2001,61,1,37,1,36
Right Angle,2001,45,3,40,3,37
Side Swipe,2001,61,0,53,0,53
Ran Off Road,2001,37,6,113,7,106
Hit Obj. On Road,2001,8,0,14,0,14
Hit Obj. Off Road,2001,22,3,29,3,26
Hit Parked Veh.,2001,18,0,25,0,25
Hit Pedestrian,2001,197,61,237,65,172
Other,2001,187,32,419,40,379
