Crashes and Casualty Distribution by Region,,,,,
,,,,,
Regions,Year,Crashes,Killed,Injured,Fatalities
Ashanti Region,2011,2094,474,3140,367
Ashanti Region,2010,1944,454,3298,362
Ashanti Region,2005,1681,317,2601,251
Ashanti Region,2001,1680,379,2010,263
Brong Ahafo,2011,726,297,1217,219
Brong Ahafo,2010,543,454,1134,142
Brong Ahafo,2005,652,192,1148,131
Brong Ahafo,2001,494,152,800,87
Central Region,2011,1046,203,1347,163
Central Region,2010,982,167,1428,167
Central Region,2005,919,183,1420,156
Central Region,2001,955,206,1475,156
Eastern Region,2011,1100,248,2083,207
Eastern Region,2010,1182,259,2224,199
Eastern Region,2005,1444,300,2691,237
Eastern Region,2001,1397,279,2734,205
Greater Accra,2011,4311,408,3386,360
Greater Accra,2010,5122,424,3869,385
Greater Accra,2005,4979,309,3242,260
Greater Accra,2001,5003,240,3180,220
Northern Region,2011,260,123,566,65
Northern Region,2010,257,114,698,84
Northern Region,2005,224,97,351,71
Northern Region,2001,225,66,373,54
Upper East,2011,110,54,143,51
Upper East,2010,88,45,100,44
Upper East,2005,181,79,212,63
Upper East,2001,173,34,305,32
Upper West,2011,118,50,160,42
Upper West,2010,90,54,129,42
Upper West,2005,82,30,157,21
Upper West,2001,86,17,168,14
Volta Region,2011,481,139,1029,103
Volta Region,2010,599,143,980,112
Volta Region,2005,569,123,1323,91
Volta Region,2001,594,152,1173,112
Western Region,2011,641,203,949,203
Western Region,2010,699,157,1058,139
Western Region,2005,597,156,892,117
Western Region,2001,684,958,135,114
