 The Nature and Consequences of Road Traffic Crashes Greater Accra Region,,,,,,
,,,,,,
Crash Type,Year,Crashes,Fatal,Casualties,Killed,Injured
Head On,2011,287,25,385,41,344
Rear End ,2011,1212,33,696,44,652
Right Angle,2011,499,18,501,20,481
Side Swipe,2011,796,15,398,19,379
Ran Off Road,2011,237,19,444,19,425
Hit Obj. On Road,2011,17,1,8,1,7
Hit Obj. Off Road,2011,129,6,99,10,89
Hit Parked Veh.,2011,99,3,53,6,47
Hit Pedestrian,2011,997,235,1184,243,941
Hit Animal,2011,4,0,1,0,1
Other,2011,34,5,25,5,20
Head On,2010,272,25,362,25,337
Rear End ,2010,1352,33,740,33,707
Right Angle,2010,629,23,515,23,492
Side Swipe,2010,954,22,411,22,389
Ran Off Road,2010,306,38,615,38,577
Hit Obj. On Road,2010,34,1,24,1,23
Hit Obj. Off Road,2010,179,5,89,5,84
Hit Parked Veh.,2010,145,5,76,5,71
Hit Pedestrian,2010,1178,222,1366,222,1144
Hit Animal,2010,6,0,4,0,4
Other,2010,67,11,52,11,41
Head On,2005,308,19,326,38,288
Rear End ,2005,1254,15,454,24,430
Right Angle,2005,642,17,438,23,415
Side Swipe,2005,921,5,223,8,215
Ran Off Road,2005,185,13,341,17,324
Hit Obj. On Road,2005,34,0,29,0,29
Hit Obj. Off Road,2005,154,6,123,4,119
Hit Parked Veh.,2005,69,0,32,0,32
Hit Pedestrian,2005,1186,152,1318,156,1162
Other,2005,226,33,267,39,228
Head On,2001,317,9,338,19,319
Rear End ,2001,1304,5,371,5,366
Right Angle,2001,651,7,325,7,318
Side Swipe,2001,776,3,200,3,197
Ran Off Road,2001,59,10,146,11,135
Hit Obj. On Road,2001,27,0,8,0,8
Hit Obj. Off Road,2001,103,1,73,1,72
Hit Parked Veh.,2001,86,2,79,2,77
Hit Pedestrian,2001,1193,151,1293,152,1141
Other,2001,484,32,585,40,545
