 The Nature and Consequences of Road Traffic Crashes Upper West Region,,,,,,
,,,,,,
Crash Type,Year,Crashes,Fatal,Casualties,Killed,Injured
Head On,2011,19,10,41,11,30
Rear End ,2011,25,5,28,5,23
Right Angle,2011,6,2,10,2,8
Side Swipe,2011,12,2,17,3,14
Ran Off Road,2011,39,16,91,22,69
Hit Obj. On Road,2011,0,0,0,0,0
Hit Obj. Off Road,2011,1,0,1,0,1
Hit Parked Veh.,2011,0,0,0,0,0
Hit Pedestrian,2011,15,7,21,7,14
Hit Animal,2011,0,0,0,0,0
Other,2011,1,0,1,0,1
Head On,2010,10,6,21,9,12
Rear End ,2010,16,10,32,14,18
Right Angle,2010,6,0,12,0,12
Side Swipe,2010,16,5,40,5,35
Ran Off Road,2010,19,6,49,11,38
Hit Obj. On Road,2010,1,1,1,1,0
Hit Obj. Off Road,2010,4,1,5,1,4
Hit Parked Veh.,2010,2,0,1,0,1
Hit Pedestrian,2010,16,13,22,13,9
Hit Animal,2010,0,0,0,0,0
Other,2010,0,0,0,0,0
Head On,2005,7,2,14,3,11
Rear End ,2005,13,4,23,8,15
Right Angle,2005,2,1,2,1,1
Side Swipe,2005,9,0,18,0,18
Ran Off Road,2005,1,1,5,1,4
Hit Obj. On Road,2005,1,0,1,0,1
Hit Obj. Off Road,2005,6,2,14,2,12
Hit Parked Veh.,2005,0,0,0,0,0
Hit Pedestrian,2005,10,4,15,5,10
Other,2005,33,7,95,10,85
Head On,2001,4,1,7,1,6
Rear End ,2001,7,0,10,0,10
Right Angle,2001,6,0,4,0,4
Side Swipe,2001,6,1,9,1,8
Ran Off Road,2001,4,0,6,0,6
Hit Obj. On Road,2001,2,1,1,1,0
Hit Obj. Off Road,2001,6,1,16,1,15
Hit Parked Veh.,2001,1,0,20,4,16
Hit Pedestrian,2001,16,4,112,9,103
Other,2001,34,6,185,17,168
